          time,       N0.imag,       N0.real,       N1.imag,       N1.real,      N10.imag,      N10.real,      N11.imag,      N11.real,      N12.imag,      N12.real,      N13.imag,      N13.real,      N14.imag,      N14.real,       N2.imag,       N2.real,       N3.imag,       N3.real,       N4.imag,       N4.real,       N5.imag,       N5.real,       N6.imag,       N6.real,       N7.imag,       N7.real,       N8.imag,       N8.real,       N9.imag,       N9.real
  0.000000e+00,     -0.000000, 110000.000000,  -2338.005911,  19068.906200,  -3186.741134,  17484.673147,  -3189.599750,  17479.948637,  -1972.428810,  19286.876241,  -1980.137842,  19185.762940,  -1984.595002,  19127.602227,  -2637.676770,  18525.935135,  -3098.883180,  17665.820097,  -3126.522949,  17621.486791,  -3145.513720,  17591.051973,  -3167.885980,  17555.032026,  -3162.641226,  17530.519787,  -3160.266213,  17536.974657,  -3169.768928,  17514.387290
